{
  "accuracy": [
    0.8836771249771118,
    0.9114423990249634,
    0.9228002429008484,
    0.9285303950309753,
    0.9324785470962524,
    0.9348130822181702,
    0.9368841052055359,
    0.9388710260391235,
    0.9403383135795593,
    0.9410920739173889,
    0.9419995546340942,
    0.9429143071174622,
    0.9436790943145752,
    0.9443377256393433,
    0.9450768828392029,
    0.9458233118057251,
    0.9462514519691467,
    0.946705162525177,
    0.9471662044525146,
    0.9472869634628296,
    0.9477187395095825,
    0.9478760957717896,
    0.9480882883071899,
    0.9482566118240356,
    0.9489884376525879,
    0.9493433833122253,
    0.9494860768318176,
    0.9496726989746094,
    0.9494238495826721,
    0.9499251842498779,
    0.9499214887619019,
    0.9503459930419922,
    0.950737476348877,
    0.9508728981018066,
    0.9511107206344604,
    0.9511363506317139,
    0.9512168169021606,
    0.9512314796447754,
    0.9515571594238281,
    0.9511070847511292,
    0.9514802694320679,
    0.9517840147018433,
    0.9519010782241821,
    0.9522560238838196,
    0.9519888758659363,
    0.9522889256477356,
    0.9520474672317505,
    0.9521682262420654,
    0.952157199382782,
    0.9523913860321045,
    0.9526585340499878,
    0.9529293179512024,
    0.9527682662010193,
    0.952471911907196,
    0.9527024030685425,
    0.9532366394996643,
    0.9528817534446716,
    0.9534013271331787,
    0.9531635046005249,
    0.9534342288970947,
    0.953251302242279,
    0.9534305930137634,
    0.9529622197151184,
    0.9531817436218262,
    0.9535074234008789,
    0.9535220861434937,
    0.9532476663589478,
    0.953734278678894,
    0.9533647298812866,
    0.9535220861434937,
    0.9540599584579468,
    0.953353762626648,
    0.9531927704811096,
    0.9538074731826782,
    0.9540965557098389,
    0.9540563225746155,
    0.9541880488395691,
    0.9537416100502014,
    0.9541038870811462,
    0.9540489912033081,
    0.9544368386268616,
    0.9545832276344299,
    0.9538074731826782,
    0.9542648792266846,
    0.9541916847229004,
    0.9541733860969543,
    0.9548759460449219,
    0.9544587731361389,
    0.9543197751045227,
    0.9543014764785767,
    0.9549418091773987,
    0.9548357129096985,
    0.9544149041175842,
    0.9549967050552368,
    0.9547295570373535,
    0.9545832276344299,
    0.9546746611595154,
    0.9552637934684753,
    0.9552491903305054,
    0.9547698497772217
  ],
  "loss": [
    2.9747791290283203,
    1.7539427280426025,
    1.2705539464950562,
    1.0024348497390747,
    0.8385710716247559,
    0.7307572364807129,
    0.651333749294281,
    0.5889866352081299,
    0.5381888747215271,
    0.4963834881782532,
    0.46043601632118225,
    0.4294368624687195,
    0.40278738737106323,
    0.3798801600933075,
    0.3598766326904297,
    0.341508150100708,
    0.3265792727470398,
    0.3121160864830017,
    0.2997705936431885,
    0.28800520300865173,
    0.2778432071208954,
    0.26801538467407227,
    0.2597549855709076,
    0.2521255910396576,
    0.24387414753437042,
    0.23707783222198486,
    0.23080310225486755,
    0.22555316984653473,
    0.22003397345542908,
    0.215140238404274,
    0.21036499738693237,
    0.2056230753660202,
    0.20099283754825592,
    0.1977902203798294,
    0.19381365180015564,
    0.18995031714439392,
    0.18749701976776123,
    0.18413342535495758,
    0.18101420998573303,
    0.1790933907032013,
    0.17564615607261658,
    0.173208087682724,
    0.17132830619812012,
    0.16830243170261383,
    0.16707131266593933,
    0.1644282341003418,
    0.16265811026096344,
    0.16125908493995667,
    0.15980324149131775,
    0.15781594812870026,
    0.15669073164463043,
    0.1543002724647522,
    0.1534215360879898,
    0.15171635150909424,
    0.15055584907531738,
    0.14907698333263397,
    0.1484519988298416,
    0.14596329629421234,
    0.14588351547718048,
    0.1446797251701355,
    0.1438029706478119,
    0.14244399964809418,
    0.14191864430904388,
    0.1415436714887619,
    0.14008073508739471,
    0.13915130496025085,
    0.1388683021068573,
    0.13680735230445862,
    0.1370152086019516,
    0.13593709468841553,
    0.1351209580898285,
    0.13473175466060638,
    0.1339600682258606,
    0.13280975818634033,
    0.13212092220783234,
    0.13163506984710693,
    0.1309131681919098,
    0.1306915134191513,
    0.12989142537117004,
    0.12945620715618134,
    0.12877579033374786,
    0.12825322151184082,
    0.1280122697353363,
    0.1274324357509613,
    0.1271660178899765,
    0.1270529180765152,
    0.1253931224346161,
    0.12585005164146423,
    0.12540112435817719,
    0.12504443526268005,
    0.1239900290966034,
    0.12358887493610382,
    0.1240033209323883,
    0.12285935133695602,
    0.12301647663116455,
    0.12252715975046158,
    0.12221120297908783,
    0.12219732999801636,
    0.12108663469552994,
    0.12178754806518555
  ],
  "val_accuracy": [
    0.8925434947013855,
    0.9124529361724854,
    0.9232804179191589,
    0.9281077980995178,
    0.9363988637924194,
    0.9298805594444275,
    0.9437898993492126,
    0.9453172087669373,
    0.9310532808303833,
    0.9450717568397522,
    0.9455626606941223,
    0.9478263258934021,
    0.9488354325294495,
    0.9457535743713379,
    0.9493263363838196,
    0.9473626613616943,
    0.943817138671875,
    0.9484809041023254,
    0.9469262957572937,
    0.9491627216339111,
    0.9494627118110657,
    0.9489172697067261,
    0.9498172402381897,
    0.9516991376876831,
    0.9491081833839417,
    0.9445262551307678,
    0.9499536156654358,
    0.9483445286750793,
    0.9482626914978027,
    0.9491627216339111,
    0.9525173306465149,
    0.9473626613616943,
    0.9486990571022034,
    0.9505263566970825,
    0.9479081630706787,
    0.950580894947052,
    0.9561719298362732,
    0.9516991376876831,
    0.9490536451339722,
    0.9464080929756165,
    0.9510990977287292,
    0.9467353820800781,
    0.9488354325294495,
    0.9468717575073242,
    0.9521355032920837,
    0.9450444579124451,
    0.9513718485832214,
    0.9460535645484924,
    0.95399010181427,
    0.9539082646369934,
    0.9516445994377136,
    0.9506900310516357,
    0.9471717476844788,
    0.9509627223014832,
    0.951917290687561,
    0.9513990879058838,
    0.9529809355735779,
    0.9464899301528931,
    0.9483172297477722,
    0.9480990767478943,
    0.9508809447288513,
    0.9450717568397522,
    0.9462990164756775,
    0.9467899203300476,
    0.944553554058075,
    0.942371666431427,
    0.9453444480895996,
    0.9467899203300476,
    0.9456171989440918,
    0.9445807933807373,
    0.9512900114059448,
    0.9480990767478943,
    0.9519445896148682,
    0.9516445994377136,
    0.953117311000824,
    0.9468717575073242,
    0.9494627118110657,
    0.9467626810073853,
    0.9465444684028625,
    0.949026346206665,
    0.9477172493934631,
    0.9489718079566956,
    0.9495445489883423,
    0.9483445286750793,
    0.9486172199249268,
    0.9467626810073853,
    0.950226366519928,
    0.9504172801971436,
    0.951917290687561,
    0.9498172402381897,
    0.9509900212287903,
    0.9481808543205261,
    0.9488354325294495,
    0.9465717673301697,
    0.9499263763427734,
    0.9488627314567566,
    0.9455081224441528,
    0.9507172703742981,
    0.9507991075515747,
    0.9512354731559753
  ],