{
  "accuracy": [
    0.858241617679596,
    0.8921594619750977,
    0.913906991481781,
    0.924762487411499,
    0.929845929145813,
    0.9332740306854248,
    0.9360354542732239,
    0.938507616519928,
    0.9396539926528931,
    0.940866231918335,
    0.9423238635063171,
    0.9429538249969482,
    0.9441661238670349,
    0.9448326826095581,
    0.9451769590377808,
    0.9463891983032227,
    0.9461475014686584,
    0.9473634362220764,
    0.947813868522644,
    0.9482240676879883,
    0.9488210678100586,
    0.9490957260131836,
    0.9493228197097778,
    0.9496853947639465,
    0.949546217918396,
    0.9502713680267334,
    0.9503739476203918,
    0.9506852626800537,
    0.950688898563385,
    0.9505900144577026,
    0.9510990977287292,
    0.9513591527938843,
    0.9519377946853638,
    0.9515752196311951,
    0.9519780874252319,
    0.9524248838424683,
    0.9520330429077148,
    0.9521758556365967,
    0.9521282315254211,
    0.9530365467071533,
    0.9526190161705017,
    0.9523442983627319,
    0.9527764916419983,
    0.9529047012329102,
    0.9531646966934204,
    0.9534577131271362,
    0.953307569026947,
    0.9532489776611328,
    0.953212320804596,
    0.9535163044929504,
    0.9538166522979736,
    0.9536518454551697,
    0.9541975259780884,
    0.9534283876419067,
    0.9535089731216431,
    0.9540400505065918,
    0.9539484977722168,
    0.9540656805038452,
    0.9542854428291321,
    0.9546406865119934,
    0.9541133046150208,
    0.9548237919807434,
    0.9548420906066895,
    0.9543440341949463,
    0.9550288915634155,
    0.9552669525146484,
    0.9551863670349121,
    0.9549885988235474,
    0.9552522897720337,
    0.9550911784172058,
    0.9557906985282898,
    0.955223023891449,
    0.9554793834686279,
    0.956109344959259,
    0.9560726881027222,
    0.9556881189346313,
    0.955940842628479,
    0.9561606049537659,
    0.9561862349510193,
    0.9560800194740295,
    0.9565524458885193,
    0.9563583731651306,
    0.9566000699996948,
    0.956215500831604,
    0.9566476941108704,
    0.956640362739563,
    0.9568930864334106,
    0.9566696882247925,
    0.9568674564361572,
    0.9570798873901367,
    0.9566953182220459,
    0.9567795395851135,
    0.9571128487586975,
    0.9568967223167419,
    0.9566770195960999,
    0.956882119178772,
    0.9572336673736572,
    0.9573655128479004,
    0.957581639289856,
    0.9576328992843628
  ],
  "loss": [
    3.0010037422180176,
    1.7743223905563354,
    1.287438988685608,
    1.0239869356155396,
    0.8658216595649719,
    0.7613615989685059,
    0.6848519444465637,
    0.6229739785194397,
    0.5735769867897034,
    0.5305432081222534,
    0.4935377240180969,
    0.4627689719200134,
    0.43517690896987915,
    0.4110451936721802,
    0.39000359177589417,
    0.37095367908477783,
    0.3547532558441162,
    0.33851358294487,
    0.3259360194206238,
    0.31283390522003174,
    0.3014447093009949,
    0.29133886098861694,
    0.2817481756210327,
    0.2721993923187256,
    0.26547694206237793,
    0.2574661374092102,
    0.2509060800075531,
    0.24414941668510437,
    0.23838678002357483,
    0.2331913858652115,
    0.22760644555091858,
    0.2223091423511505,
    0.21728675067424774,
    0.2131202220916748,
    0.20966117084026337,
    0.20446711778640747,
    0.20174917578697205,
    0.19822022318840027,
    0.19512827694416046,
    0.1909312903881073,
    0.18829278647899628,
    0.18680141866207123,
    0.18326078355312347,
    0.18132193386554718,
    0.1782405525445938,
    0.17576175928115845,
    0.17386600375175476,
    0.17339825630187988,
    0.1708541363477707,
    0.16873633861541748,
    0.16657902300357819,
    0.16531696915626526,
    0.16276682913303375,
    0.16210119426250458,
    0.16101884841918945,
    0.15874062478542328,
    0.15829461812973022,
    0.1559826135635376,
    0.15461066365242004,
    0.15374450385570526,
    0.15292882919311523,
    0.15112504363059998,
    0.1501125693321228,
    0.1502026468515396,
    0.1488526463508606,
    0.14732688665390015,
    0.14664290845394135,
    0.14588968455791473,
    0.14526574313640594,
    0.14477600157260895,
    0.1427057385444641,
    0.14296077191829681,
    0.14193671941757202,
    0.14082658290863037,
    0.14004118740558624,
    0.13995814323425293,
    0.1397174596786499,
    0.13836999237537384,
    0.13774533569812775,
    0.13691385090351105,
    0.13638676702976227,
    0.13564540445804596,
    0.13489510118961334,
    0.13527514040470123,
    0.1340746432542801,
    0.13382971286773682,
    0.1333029717206955,
    0.1325637847185135,
    0.13190224766731262,
    0.13227130472660065,
    0.13219568133354187,
    0.13163019716739655,
    0.1304231584072113,
    0.13077311217784882,
    0.13113297522068024,
    0.1298016607761383,
    0.13004323840141296,
    0.12920767068862915,
    0.12819314002990723,
    0.12808817625045776
  ],
  "val_accuracy": [
    0.8774663805961609,
    0.9149087071418762,
    0.9256065487861633,
    0.9361405968666077,
    0.9448462128639221,
    0.9429904818534851,
    0.945692241191864,
    0.9476844072341919,
    0.9481483697891235,
    0.9483667016029358,
    0.9551073908805847,
    0.9524602293968201,
    0.9470840096473694,
    0.9508773684501648,
    0.9503861665725708,
    0.9546707272529602,
    0.9516414999961853,
    0.9518598318099976,
    0.95428866147995,
    0.9529241323471069,
    0.9505499005317688,
    0.9551346898078918,
    0.9533607959747314,
    0.9526239633560181,
    0.95750892162323,
    0.9534426927566528,
    0.9546707272529602,
    0.9528695940971375,
    0.9535791277885437,
    0.9529787302017212,
    0.9545069932937622,
    0.9550527930259705,
    0.9551073908805847,
    0.9541795253753662,
    0.9551892876625061,
    0.9525966644287109,
    0.9528695940971375,
    0.9559533596038818,
    0.9557896256446838,
    0.951095700263977,
    0.9574543833732605,
    0.9557896256446838,
    0.9525148272514343,
    0.9515050649642944,
    0.9538792967796326,
    0.9564446210861206,
    0.9560352563858032,
    0.9537701606750488,
    0.9552711248397827,
    0.955325722694397,
    0.9569631218910217,
    0.9570723176002502,
    0.9524056315422058,
    0.9553530216217041,
    0.9554348587989807,
    0.9540703296661377,
    0.9547253251075745,
    0.9586005806922913,
    0.9541522264480591,
    0.9565810561180115,
    0.957181453704834,
    0.9559533596038818,
    0.9551073908805847,
    0.95669025182724,
    0.955325722694397,
    0.9559261202812195,
    0.9538520574569702,
    0.9537428617477417,
    0.9527330994606018,
    0.9560898542404175,
    0.9555985927581787,
    0.9569358229637146,
    0.9562262892723083,
    0.9557623267173767,
    0.9569631218910217,
    0.9563900232315063,
    0.9554348587989807,
    0.9556804895401001,
    0.9570450186729431,
    0.9550527930259705,
    0.9580001831054688,
    0.9570995569229126,
    0.956853985786438,
    0.9558715224266052,
    0.9586278200149536,
    0.9538247585296631,
    0.9579455852508545,
    0.9551346898078918,
    0.9571541547775269,
    0.9578909873962402,
    0.9555712938308716,
    0.9578091502189636,
    0.9562535881996155,
    0.9561989903450012,
    0.9555985927581787,
    0.9567447900772095,
    0.9547526240348816,
    0.9580274820327759,
    0.9582730531692505,
    0.9549436569213867
  ],