{
  "train_loss": [
    0.23285803172261624,
    0.12721849902421173,
    0.10441270795732573,
    0.0929160682286152,
    0.0861011405867012,
    0.07867495306420993,
    0.07699242547331445,
    0.06813591663750568,
    0.0668515851946392,
    0.06497966906464372,
    0.05846255775469943,
    0.05964982214766663,
    0.05731212840394596,
    0.05542528044430821,
    0.053288293190025454,
    0.05442176034257581,
    0.049146010721395544,
    0.05078240225425857,
    0.05083422917370061,
    0.05038436624511134,
    0.047031810126272514,
    0.04634252608005759
  ],
  "val_loss": [
    0.21228080252675632,
    0.3251974519930388,
    0.3018666202398507,
    0.35797787903759043,
    0.4000477025432414,
    0.3653637985698879,
    0.4553042751687922,
    0.43895760279050783,
    0.4732149674336573,
    0.4638515237449227,
    0.4340125980517386,
    0.44138644358731416,
    0.4064985206840854,
    0.3479680374852921,
    0.46436616369081957,
    0.4409016493193217,
    0.4955040554295441,
    0.5011335152789558,
    0.5663108340783143,
    0.5608542985282838,
    0.7182120633997807,
    0.5758519692003334
  ],
  "val_auroc": [
    0.9920223355293274,
    0.988634467124939,
    0.9888243079185486,
    0.9858617186546326,
    0.9880765676498413,
    0.9885412454605103,
    0.9867973327636719,
    0.9877533912658691,
    0.9874016046524048,
    0.9876620769500732,
    0.987115204334259,
    0.9897705316543579,
    0.9896672964096069,
    0.9902753829956055,
    0.9879440665245056,
    0.9892348647117615,
    0.9889606237411499,
    0.9896730184555054,
    0.9841209650039673,
    0.9854616522789001,
    0.9828313589096069,
    0.9856840372085571
  ]
}