{
  "train_loss": [
    0.24148880813163875,
    0.13989173452159617
  ],
  "val_loss": [
    0.31180382136664636,
    0.2777708490632173
  ],
  "val_auroc": [
    0.9886122345924377,
    0.99128258228302
  ]
}