{
  "train_loss": [
    0.23457823251572757,
    0.13116803435396326,
    0.11250374554905714,
    0.1022187846592108,
    0.09516821570457462,
    0.09127179908084258,
    0.08424720178662436,
    0.08135884290646336,
    0.07928173838485296,
    0.07494653092987714,
    0.07548889128492728,
    0.07255833773585463,
    0.07058884513609927,
    0.07017171789752573,
    0.06822828588974023,
    0.06750056262310851,
    0.06431947454240801,
    0.06347690195154436,
    0.06502514095909032,
    0.06168718049570028,
    0.06312038822863988,
    0.058831091813419424
  ],
  "val_loss": [
    0.2615208277812583,
    0.33110557705422355,
    0.33862281993376037,
    0.3901966839296625,
    0.39356055581199295,
    0.411362317772959,
    0.4696354274503413,
    0.5281218693220202,
    0.5341397929355244,
    0.4227520816803323,
    0.5656315213381555,
    0.5546010927097991,
    0.5915506961890039,
    0.5454009021766958,
    0.593922354711618,
    0.529513548995029,
    0.6568165132722069,
    0.6441377462722317,
    0.6043228324330439,
    0.5754484860065011,
    0.5766903398009394,
    0.6845854815590933
  ],
  "val_auroc": [
    0.9889229536056519,
    0.9885900616645813,
    0.9884787797927856,
    0.9889887571334839,
    0.9893102049827576,
    0.9890161156654358,
    0.9877206683158875,
    0.985605776309967,
    0.9852445125579834,
    0.9873607754707336,
    0.9865773320198059,
    0.9854167699813843,
    0.9864189028739929,
    0.986558735370636,
    0.9866218566894531,
    0.9868752956390381,
    0.9841839075088501,
    0.9858642220497131,
    0.9848411083221436,
    0.983640193939209,
    0.9869916439056396,
    0.9835227727890015
  ]
}